{"InputShaping":{"id":"InputShaping","name":"Input Shaping","author":"Duet3D Ltd","version":"3.4.6","license":"GPL-3.0-or-later","homepage":"https://github.com/Duet3D/DSF-Plugins","tags":["input shaping","tuning"],"dwcVersion":"3.4","dwcDependencies":[],"sbcRequired":false,"sbcDsfVersion":null,"sbcData":{},"sbcExecutable":null,"sbcExecutableArguments":null,"sbcExtraExecutables":[],"sbcOutputRedirected":true,"sbcPermissions":[],"sbcPackageDependencies":[],"sbcPythonDependencies":[],"sbcPluginDependencies":[],"rrfVersion":null,"dsfFiles":[],"dwcFiles":["css/InputShaping.b0b0d71e.css","css/InputShaping.b0b0d71e.css.gz","js/InputShaping.55275688.js","js/InputShaping.55275688.js.gz","js/InputShaping.55275688.js.map","js/InputShaping.55275688.js.map.gz"],"sdFiles":[],"pid":-1}}